Name,Address,Website,Phone Number,Image URL
Design Proficient UK,"1 Duncannon St, London, WC2N 4JF",designproficient.co.uk,020 3868 7658 ,https://www.yell.com/searchfe/yframe/yelldotcom/default/_yframe/min/images/yell-dummy.png
Ayn Infotech Private Ltd,"57 Trafalgar Square, London, WC2N 5DU",ayninfotech.com,0118 328 7177 ,"https://c.yell.com/t_bigSquare,f_auto/74017155-c490-497b-96a9-4d0ebe565d4d_image_jpeg.jpg"
Logo in 15 Minutes,"1 Duncannon St, London, WC2N 4JF",logoin15minutes.co.uk,020 3868 1557 ,"https://c.yell.com/t_bigSquare,f_auto/5bc56b92-5eae-49d9-acf4-990ee3e56a28_image_png.png"
Jolly I.T Solutions Ltd,"Adam House 7-10 Adam St, London, WC2N 6AA",jollyit.co.uk,08003 317668 ,"https://c.yell.com/t_bigSquare,f_auto/d5ad5dda-ef41-486b-b31d-895cc05c0a61_image_jpeg.jpg"
The Design Division,"Golden Cross House, 8 Duncannon Street, London, WC2N 4JF",,020 7118 1978 ,"https://c.yell.com/t_bigRect,f_auto/12908b5a-5bde-4b94-b1bf-8ecc9105b465_image_jpeg.jpg"
PCWorkshops,"Golden Cross House Duncannon St, London, WC2N 4JF",pcworkshopslondon.co.uk?utm_source=yell&utm_medium=refferal&utm_campaign=yell,020 7164 6359 ,"https://c.yell.com/t_bigRect,f_auto/e2644800-b27f-44c0-b05d-be8ec2e9b901_image_jpeg.jpg"
Infigo Software,"Trafalgar Square, London, WC2N 5DU",infigosoftware.in,07587 048732 ,"https://c.yell.com/t_bigSquare,f_auto/cb43e1f6-8a19-4497-9a94-199734ca577e_image_png.png"
Holbi,"Golden Cross House, 8, Duncannon St, London, WC2N 4JF",holbi.co.uk,0800 011 2569 ,https://www.yell.com/searchfe/yframe/yelldotcom/default/_yframe/min/images/yell-dummy.png
KiloBytes Technologies,"Golden Cross House, 8, Duncannon Street, London, WC2N 4JF",kilobytes.in,0800 0114736 ,https://www.yell.com/searchfe/yframe/yelldotcom/default/_yframe/min/images/yell-dummy.png
Websites4you.Co.Uk,"London and South East, WC2E 5JE",,0844 4820430 ,https://www.yell.com/searchfe/yframe/yelldotcom/default/_yframe/min/images/yell-dummy.png
NamanModi,"Malaysia House, 57, Trafalgar Square, London, WC2N 5DU",namanmodi.com,020 7946 0816 ,"https://c.yell.com/t_bigSquare,f_auto/12998fe3-9820-4162-ae22-6904063ef3c6_image_jpeg.jpg"
Digital Hero,"Trafalgar Square, London, WC2N 5DU",digitalhero.io,020 8089 6881 ,"https://c.yell.com/t_bigSquare,f_auto/bdc1c092-0bba-42dc-bddd-2557b2df968d_image_jpeg.jpg"
3ILogics,"India House, 14, Trafalgar Square, London, WC2N 5DU",3ilogics.com,020 3286 0000 ,"https://c.yell.com/t_bigSquare,f_auto/29b194e2-b58a-4d23-b87e-5a9556a01849_image_png.png"
Joomla Web Development Co,"11 Strand, London, WC2N 5RJ",jextn.com,020 3695 1377 ,https://www.yell.com/searchfe/yframe/yelldotcom/default/_yframe/min/images/yell-dummy.png
ZA IT Solutions,"Malaysia House, 57, Trafalgar Square, London, WC2N 5DU",zaitsolutions.net,07520 649557 ,"https://c.yell.com/t_bigRect,f_auto/52af7c09-5069-4c39-92ef-004a9e58bbf5_image_png.png"
FIFIUM - Growth of App Designers in Rece,"Malaysia House, 57, Trafalgar Square, London, WC2N 5DU",fifium.com,0141 628 0625 ,"https://c.yell.com/t_bigSquare,f_auto/6fe8d6eb-8539-47a3-bf5a-94c0596ff139_image_png.png"
CMS Website Design,"1 Northumberland Avenue, London, WC2N 5BW",,0844 588 0805 ,"https://c.yell.com/t_bigSquare,f_auto/3a6651db-d01f-4b11-b393-b42fa80f846e_image_jpeg.jpg"
Service Design London,"55 Chandos Place, London, WC2N 4HG",service-design.london,020 8133 7315 ,https://www.yell.com/searchfe/yframe/yelldotcom/default/_yframe/min/images/yell-dummy.png
Aropack Packaging Design,"29-30 Leicester Square, London, WC2H 7LA",aropack.com,0844 545 6508 ,"https://c.yell.com/t_bigRect,f_auto/4ae762cd-a956-4510-b308-762f613110ea_image_jpeg.jpg"
Wappflow,"Trafalgar Square, London, WC2N 5DU",wappflow.co.uk,020 7442 5799 ,https://www.yell.com/searchfe/yframe/yelldotcom/default/_yframe/min/images/yell-dummy.png
Patterns of Design,"57 Trafalgar Square, London, WC2N 5DU",patternsofdesign.co.uk,0330 808 5502 ,https://www.yell.com/searchfe/yframe/yelldotcom/default/_yframe/min/images/yell-dummy.png
Visionary Logo Designs,"59 St. Martin's Lane Unit 111, Uk, London, WC2N 4JS",visionarylogodesigns.co.uk,020 3925 0749 ,"https://c.yell.com/t_bigSquare,f_auto/e5a839bc-63e9-4160-ae81-33ceebdca551_image_png.png"
24x7 Computers,"Malaysia House, 57, Trafalgar Square, London, WC2N 5DU",247computers.in,07825 587689 ,"https://c.yell.com/t_bigSquare,f_auto/59daa990-ac0a-4770-8751-689d3c0d6f07_image_jpeg.jpg"
John Fru,"Malaysia House, 57, Trafalgar Square, London, WC2N 5DU",,0800 075 1234 ,"https://c.yell.com/t_bigSquare,f_auto/51151d9a-d0db-4d5f-aa91-5e2485af2d3d_image_jpeg.jpg"
MR Media Group,"P.O Box 64985, London, SW20 2BD",mrmediagroup.com,020 8123 9800 ,https://www.yell.com/searchfe/yframe/yelldotcom/default/_yframe/min/images/yell-dummy.png
Levzi Ltd,"P.O Box 71085, London, SE16 9DS",levzi.com,020 8123 8900 ,https://www.yell.com/searchfe/yframe/yelldotcom/default/_yframe/min/images/yell-dummy.png
Iroid Technologies,"57 Trafalgar Square, London, WC2N 5DU",iroidtechnologies.com,020 7486 1053 ,"https://c.yell.com/t_bigRect,f_auto/a8812b0c-35b4-4217-ad31-dcbec85c4fb3_image_png.png"
Engage Branding,"1 Northumberland Avenue, London, WC2N 5BW",engagebranding.com,020 3026 7335 ,https://www.yell.com/searchfe/yframe/yelldotcom/default/_yframe/min/images/yell-dummy.png
Kody Technolab,"Malaysia House, 57, Trafalgar Square, London, WC2N 5DU",kodytechnolab.com,020 7629 0979 ,"https://c.yell.com/t_bigRect,f_auto/c138aff8-fed6-47a2-bd97-a5ca07839e15_image_jpeg.jpg"
Creative Circle,"90 Long Acre, London, WC2E 9LY",creativecircle.co.uk,020 7636 1223 ,"https://c.yell.com/t_bigRect,f_auto/76e8f0c5-f45c-446e-8568-99f864039a5f_image_png.png"
Connaught,"118 Pall Mall, London, SW1Y 5ED",connaught.net,020 7731 0900 ,https://www.yell.com/searchfe/yframe/yelldotcom/default/_yframe/min/images/yell-dummy.png
The Design Net,"8 Rudolf Place, London, SW8 1RP",thedesignnet.co.uk,020 7820 7771 ,https://www.yell.com/searchfe/yframe/yelldotcom/default/_yframe/min/images/yell-dummy.png
Dev Technosys,"60 St. Martin's Lane, London, WC2N 4JS",devtechnosys.com,020 8638 7669 ,"https://c.yell.com/t_bigRect,f_auto/7690f16f-40a8-46ea-ad6b-94b415f9fefe_image_jpeg.jpg"
Icon Make Up Academy,"Central London, London, EC2V 6DN",londonmakeupacademy.co.uk,020 3189 1950 ,"https://c.yell.com/t_bigSquare,f_auto/70a558f4-5411-4968-b55e-07b63ab838d2_image_jpeg.jpg"
Krakow Blog,"Malaysia House, 57, Trafalgar Square, London, WC2N 5DU",krakow-locally.com,020 8465 5522 ,https://www.yell.com/searchfe/yframe/yelldotcom/default/_yframe/min/images/yell-dummy.png
Private Label,"Malaysia House, 57, Trafalgar Square, London, WC2N 5DU",theprivatelabelexpo.co.uk,020 7946 0859 ,https://www.yell.com/searchfe/yframe/yelldotcom/default/_yframe/min/images/yell-dummy.png
Best Web Hosting Company,"Bluehost Website Hosting, London, WC2N 5DU",,07451 279340 ,https://www.yell.com/searchfe/yframe/yelldotcom/default/_yframe/min/images/yell-dummy.png
Venda Ltd,"101 St. Martin's Lane, London, WC2N 4AZ",venda.com,020 7070 7000 ,https://www.yell.com/searchfe/yframe/yelldotcom/default/_yframe/min/images/yell-dummy.png
The Perfect Improvement,"Malaysia House, 57, Trafalgar Square, London, WC2N 5DU",theperfectimprovement.com,07517 302306 ,https://www.yell.com/searchfe/yframe/yelldotcom/default/_yframe/min/images/yell-dummy.png
Mashiva Technologies Private Ltd,"Malaysia House, 57, Trafalgar Square, London, WC2N 5DU",mashivatech.com,020 7331 2000 ,https://www.yell.com/searchfe/yframe/yelldotcom/default/_yframe/min/images/yell-dummy.png
Bloop Global LLC UK,"Malaysia House, 57, Trafalgar Square, London, WC2N 5DU",bloopglobal.co.uk,020 7097 4892 ,https://www.yell.com/searchfe/yframe/yelldotcom/default/_yframe/min/images/yell-dummy.png
nilkantha.com,"57 Trafalgar Square, London, WC2N 5DU",nilkantha.com,0800 123456 ,https://www.yell.com/searchfe/yframe/yelldotcom/default/_yframe/min/images/yell-dummy.png
Owen Gildersleeve Ltd,"Studio F12, London, E8 2DJ",owengildersleeve.com,07932 331841 ,https://www.yell.com/searchfe/yframe/yelldotcom/default/_yframe/min/images/yell-dummy.png
www.Definitive-Arts.com,"P.O Box 63613, London, SW9 1AH",,07516 583381 ,https://www.yell.com/searchfe/yframe/yelldotcom/default/_yframe/min/images/yell-dummy.png
Calia Maddalena Srl,"A4, 57, Trafalgar Square, London, WC2N 5DU",caliamaddalena.co.uk,020 3695 1060 ,https://www.yell.com/searchfe/yframe/yelldotcom/default/_yframe/min/images/yell-dummy.png
Rosewood Home & Condos,"Malaysia House, 57, Trafalgar Square, London, WC2N 5DU",exoticrosewood.com,020 7946 0817 ,https://www.yell.com/searchfe/yframe/yelldotcom/default/_yframe/min/images/yell-dummy.png
Fotomasking,"Malaysia House, 57, Trafalgar Square, London, WC2N 5DU",fotomasking.com,07872 313630 ,https://www.yell.com/searchfe/yframe/yelldotcom/default/_yframe/min/images/yell-dummy.png
Design Motive,"60 St Martin's Lane, London, WC2N 4JS",designmotive.co.uk,020 8875 0907 ,https://www.yell.com/searchfe/yframe/yelldotcom/default/_yframe/min/images/yell-dummy.png
Propeller Mobile,"Alhambra House, 27, Charing Cross Rd, London, WC2H 0AU",propellermobile.com,020 3301 5353 ,"https://c.yell.com/t_bigRect,f_auto/d757eb5a-840b-45ca-ab91-a5ce13c45bf2_image_png.png"
Dam Digital,"19 Irving St, London, WC2H 7AU",damdigital.com,020 3519 8255 ,https://www.yell.com/searchfe/yframe/yelldotcom/default/_yframe/min/images/yell-dummy.png
Graphic Design London,"5a Irving St, London, WC2H 7AT",graphicdesign.london,020 7930 8698 ,https://www.yell.com/searchfe/yframe/yelldotcom/default/_yframe/min/images/yell-dummy.png
We Design Anything - WDA,"116 Pall Mall, London, SW1Y 5ED",wedesignanything.com,020 3633 1692 ,"https://c.yell.com/t_bigRect,f_auto/a39d5144-2e5a-484b-b19d-a2c599d35982_image_png.png"
Terence O'Rourke Ltd,"3 Whitcomb St, London, WC2H 7HA",torltd.co.uk,020 3664 6755 ,https://www.yell.com/searchfe/yframe/yelldotcom/default/_yframe/min/images/yell-dummy.png
Ginger Nut Training,"Suite 6, 43, Bedford St, London, WC2E 9HA",gingernutmedia.co.uk,020 7495 5110 ,"https://c.yell.com/t_bigRect,f_auto/42714ce8-06c3-412b-9e32-4e1a8b625447_image_jpeg.jpg"
Studio Minerva Ltd,"28 Charing Cross Rd, London, WC2H 0DB",studiominerva.co.uk,020 3829 5225 ,https://www.yell.com/searchfe/yframe/yelldotcom/default/_yframe/min/images/yell-dummy.png
Correl8,"Adam House, 7-10, Adam St, London, WC2N 6AA",correl8.com,020 7183 6698 ,https://www.yell.com/searchfe/yframe/yelldotcom/default/_yframe/min/images/yell-dummy.png
Jukkie Agency,"St. Martin's Lane, London, WC2N 4AA",jukkie.com,020 3151 7830 ,https://www.yell.com/searchfe/yframe/yelldotcom/default/_yframe/min/images/yell-dummy.png
YZL Education Consultancy,"Cameo House, 11, Bear St, London, WC2H 7AS",yzledu.co.uk,020 7766 5276 ,"https://c.yell.com/t_bigRect,f_auto/c36c25b5-76bf-453d-8158-cf7dfd14c5b8_image_jpeg.jpg"
Q-Lux Studios,"41 Whitcomb St, West End, London, WC2H 7DT",qluxstudio.com,020 8945 3727 ,"https://c.yell.com/t_bigSquare,f_auto/ca3b994e-3003-43cb-8d46-cbed76acc97a_image_png.png"
RH Design Group Ltd,"71-75 Shelton St, Covent Garden, London, WC2H 9JQ",,07557 041744 ,"https://c.yell.com/t_bigRect,f_auto/671c29bf-5047-4062-a59a-34ad0b8778af_image_png.png"
Design Map,"118 Pall Mall, London, SW1Y 5ED",designmap.co.uk,0870 446 0256 ,https://www.yell.com/searchfe/yframe/yelldotcom/default/_yframe/min/images/yell-dummy.png
Elia Construction UK,"90 Long Acre, London, WC2E 9RZ",eliacon.co.uk,020 3637 9290 ,"https://c.yell.com/t_bigRect,f_auto/c8e5b4e7-90ec-445c-9f92-4fe7350e955a_image_png.png"
Goliath Agency,"Adam House, 7-10, Adam St, London, WC2N 6AA",cxmmarketinggroup.com,020 7520 9095 ,https://www.yell.com/searchfe/yframe/yelldotcom/default/_yframe/min/images/yell-dummy.png
Creative Vision London,"90 Long Acre, LONDON, WC2E 9RZ",,020 3910 6597 ,"https://c.yell.com/t_bigRect,f_auto/925f4301-381e-43b9-aefe-638e4cf2bb18_image_png.png"
Andrew Wood Associates Ltd,"118 Pall Mall, London, SW1Y 5ED",andrewwoodassociates.co.uk,020 7684 1400 ,"https://c.yell.com/t_bigRect,f_auto/d5a0ecda-3395-42c8-8cc8-d66517f5b09b_image_jpeg.jpg"
Wizebrains IT Solutions Pvt. Ltd,"10 Downing St, London, SW1A 2AA",wizebrains.com,0800 533433 ,"https://c.yell.com/t_bigRect,f_auto/00a62a29-22b3-4d9d-ade1-edb263e150c7_image_png.png"
Furniture Checklist,"71-75 Shelton St, London, WC2H 9JQ",furniturechecklist.co.uk,0333 444 8840 ,"https://c.yell.com/t_bigRect,f_auto/6a56bbe2-cfb1-4a75-a184-d42ebf0d682a_image_png.png"
Greater London Business School,"71-75 Shelton St, London, WC2H 9JQ",greaterlondonbusinessschool.co.uk?utm_source=yell&utm_medium=referral&utm_campaign=yell,020 3633 6745 ,"https://c.yell.com/t_bigRect,f_auto/bd70f3eb-9c3d-4bc4-901b-a361fc63090a_image_jpeg.jpg"
Top Left Design,"Studio 1, 12, Bourchier St, London, W1D 4HZ",topleftdesign.com,020 7036 0560 ,"https://c.yell.com/t_bigRect,f_auto/5ac95496-57a3-4f61-97a3-5845de77238c_image_jpeg.jpg"
Soapbox Communications,"3 Whitehall Court, London, SW1A 2EL",soapbox.co.uk,020 7930 3151 ,https://www.yell.com/searchfe/yframe/yelldotcom/default/_yframe/min/images/yell-dummy.png
Quattro,"11 Bear St, London, WC2H 7AS",quattro.uk.com,020 7766 5225 ,https://www.yell.com/searchfe/yframe/yelldotcom/default/_yframe/min/images/yell-dummy.png
Eurekastep Ltd,"25 Floral St, London, WC2E 9DS",,0870 6093565 ,https://www.yell.com/searchfe/yframe/yelldotcom/default/_yframe/min/images/yell-dummy.png
Onzo Ltd,"6-7 Great Newport St, London, WC2H 7JB",onzo.com,020 3051 3273 ,https://www.yell.com/searchfe/yframe/yelldotcom/default/_yframe/min/images/yell-dummy.png
Tusk UK,"Maiden Lane, London, WC2E 7JS",tusk-uk.com,020 7240 2566 ,https://www.yell.com/searchfe/yframe/yelldotcom/default/_yframe/min/images/yell-dummy.png
C H P Design,"27b Floral Street, London, WC2E 9DP",chpdesign.com,020 7240 0466 ,https://www.yell.com/searchfe/yframe/yelldotcom/default/_yframe/min/images/yell-dummy.png
Residential Design Solutions Ltd,"71-75 Shelton St, London, WC2H 9JQ",residentialdesigns.co.uk,020 8004 4464 ,"https://c.yell.com/t_bigSquare,f_auto/bcf7b066-7079-4f9a-8c48-913acfa03a25_image_png.png"
Ukdotpro Ltd,"2nd front, 36, Gerrard St, London, W1D 5QA",ukdotpro.com,020 3289 3577 ,https://www.yell.com/searchfe/yframe/yelldotcom/default/_yframe/min/images/yell-dummy.png
China Network Ltd,"36 Gerrard St, London, W1D 5QA",chinanet.co.uk,07445 368588 ,https://www.yell.com/searchfe/yframe/yelldotcom/default/_yframe/min/images/yell-dummy.png
Pollitt & Partners,"9-10 Floral St, London, WC2E 9HW",pollittandpartners.com,020 7379 6709 ,https://www.yell.com/searchfe/yframe/yelldotcom/default/_yframe/min/images/yell-dummy.png
Krish Technolabs,"100 Pall Mall, London, SW1Y 5NQ",krishtechnolabs.com,020 3769 4814 ,"https://c.yell.com/t_bigRect,f_auto/606362d4-fb43-4205-b0d4-8e2a439f839b_image_png.png"
Freelancing Solution,"90 Long Acre, London, WC2E 9RZ",freelancingsolution.com,020 7965 0754 ,https://www.yell.com/searchfe/yframe/yelldotcom/default/_yframe/min/images/yell-dummy.png
Worldtec Ltd,"71-75 Shelton St, London, WC2H 9JQ",SUPERname.at,07537 198018 ,"https://c.yell.com/t_bigSquare,f_auto/56d2fd5f-fb04-42da-8154-687614980003_image_jpeg.jpg"
Auggus Ltd,"71-75 Shelton St, London, WC2H 9JQ",auggus.com,0800 001 6600 ,"https://c.yell.com/t_bigRect,f_auto/5acaaf78-2276-4a42-a2d6-4dfbb9c0fba6_image_png.png"
Pulse Brands,"2nd floor, 1-3, Langley Court, London, WC2E 9JY",pulsebrands.com,020 7930 0707 ,https://www.yell.com/searchfe/yframe/yelldotcom/default/_yframe/min/images/yell-dummy.png
SeoBiri,"Flat 14, Holyrood House, Portland Rise, London, N4 2QD",,07447 911982 ,https://www.yell.com/searchfe/yframe/yelldotcom/default/_yframe/min/images/yell-dummy.png
Mission Communications Ltd,"8 Upper St. Martin's Lane, London, WC2H 9DL",mission-communications.net,020 7395 0400 ,https://www.yell.com/searchfe/yframe/yelldotcom/default/_yframe/min/images/yell-dummy.png
Luke Hughes,"7 Savoy Court, London, WC2R 0EX",lukehughes.co.uk,020 7404 5995 ,https://www.yell.com/searchfe/yframe/yelldotcom/default/_yframe/min/images/yell-dummy.png
Web750,"8 St. James's Square, London, SW1Y 4JU",web750.com,020 3966 3823 ,"https://c.yell.com/t_bigRect,f_auto/1f7367f5-9ad1-4820-b17e-76b730f5794b_image_jpeg.jpg"
Hawkscode UK Web Design in London,"107 Shaftesbury Avenue, London, W1D 5DA",hawkscode.co.uk,0808 164 1099 ,https://www.yell.com/searchfe/yframe/yelldotcom/default/_yframe/min/images/yell-dummy.png
Reactive Graphics,"28 Poland St, London, W1F 8QP",web-designlondon.co.uk,020 7018 0909 ,"https://c.yell.com/t_bigRect,f_auto/d6ea8982-2526-4633-bb16-0a3484421629_image_jpeg.jpg"
Playbox Media Ltd,"130 Shaftesbury Avenue, London, W1D 5EU",playboxplaygroup.co.uk,020 7031 1187 ,https://www.yell.com/searchfe/yframe/yelldotcom/default/_yframe/min/images/yell-dummy.png
Logicsofts - Web Design Agency London,"International House, 39 Great Windmill Street, London, W1D 7LX",logicsofts.co.uk,02079 935898 ,"https://c.yell.com/t_bigRect,f_auto/068c78aa-1b04-40c4-acb8-b115c8e7551e_image_png.png"
Jones Digital,"Frith St, London, W1D 4SH",jonesdigital.co.uk,07471 030225 ,"https://c.yell.com/t_bigRect,f_auto/81f7a9ac-1212-48a3-bbd4-97786d30833d_image_png.png"
Urban Design Fox,"25 Jermyn St, London, SW1Y 6HR",urbandesignfox.co.uk,07485 569543 ,"https://c.yell.com/t_bigRect,f_auto/a8c4bdc8-8488-4234-bbcb-5037573f1232_image_jpeg.jpg"
Planet Web Solution,"Sovereign House, 212-224, Shaftesbury Avenue, London, WC2H 8HQ",planetwebsolution.com,020 7097 5970 ,"https://c.yell.com/t_bigSquare,f_auto/ccf47373-414d-4ee6-aa28-c24f5466b5b5_image_jpeg.jpg"
Family Traveller,"5 Langley St, London, WC2H 9JA",familytraveller.com,020 7812 6378 ,https://www.yell.com/searchfe/yframe/yelldotcom/default/_yframe/min/images/yell-dummy.png
Yellow Jelly & Partners,"47 Dean St, London, W1D 5BE",yellow-jelly.com,020 7060 5004 ,"https://c.yell.com/t_bigRect,f_auto/81dae8cc-d2a2-4c79-85f2-2e4759924b76_image_png.png"
Next Age Solutions,"71-75 Shelton St, London, WC2H 9JQ",designsvalley.com,020 8123 8711 ,https://www.yell.com/searchfe/yframe/yelldotcom/default/_yframe/min/images/yell-dummy.png
Shrinext Ltd,"71-75 Shelton St, London, WC2H 9JQ",shrinext.co.uk,07782 500082 ,https://www.yell.com/searchfe/yframe/yelldotcom/default/_yframe/min/images/yell-dummy.png
How Splendid Ltd,"7a Langley St, London, WC2H 9JA",howsplendid.com,020 7395 4800 ,https://www.yell.com/searchfe/yframe/yelldotcom/default/_yframe/min/images/yell-dummy.png
